Master_Index,Clinician
ID_CUAOY,"CLINICAL ASSESSMENT: 24-year-old female. presenting with pain, tenderness. Vitals: SpO2 94%. MANAGEMENT PLAN: analgesic management. basic diagnostic assessment. referral for complex cases. supervised care with senior support. FOLLOW-UP: Regular follow-up and reassessment recommended. Comprehensive patient assessment completed. Ongoing monitoring and care coordination essential. Patient safety and quality care prioritized. Evidence-based treatment protocols followed."
ID_OGSAY,PEDIATRIC EVALUATION: 3-year-old male. AGE-APPROPRIATE CARE: basic diagnostic assessment. referral for complex cases. advanced clinical protocols. FAMILY EDUCATION: Patient and family education on condition management. Comprehensive patient assessment completed. Ongoing monitoring and care coordination essential. Patient safety and quality care prioritized. Evidence-based treatment protocols followed.
ID_TYHSA,CLINICAL EVALUATION: 22-year-old male. presenting with weakness. Vitals: SpO2 72%. TREATMENT APPROACH: oxygen supplementation. comprehensive diagnostic workup. specialist consultation available. supervised care with senior support. PATIENT CARE: Comprehensive patient care approach. Comprehensive patient assessment completed. Ongoing monitoring and care coordination essential. Patient safety and quality care prioritized. Evidence-based treatment protocols followed.
ID_CZXLD,PEDIATRIC EVALUATION: 6-year-old female. AGE-APPROPRIATE CARE: primary care management. referral if indicated. supervised care with senior support. FAMILY EDUCATION: Patient and family education on condition management. Comprehensive patient assessment completed. Ongoing monitoring and care coordination essential. Patient safety and quality care prioritized. Evidence-based treatment protocols followed.
ID_ZJQUQ,PEDIATRIC EVALUATION: adult-year-old male. AGE-APPROPRIATE CARE: primary care management. referral if indicated. supervised care with senior support. FAMILY EDUCATION: Patient and family education on condition management. Comprehensive patient assessment completed. Ongoing monitoring and care coordination essential. Patient safety and quality care prioritized. Evidence-based treatment protocols followed.
ID_HYSCV,CLINICAL EVALUATION: Clinical assessment pending. TREATMENT APPROACH: comprehensive diagnostic workup. specialist consultation available. supervised care with senior support. PATIENT CARE: Comprehensive patient care approach. Comprehensive patient assessment completed. Ongoing monitoring and care coordination essential. Patient safety and quality care prioritized. Evidence-based treatment protocols followed.
ID_DXHPF,PEDIATRIC EVALUATION: 14-year-old female. presenting with pain. AGE-APPROPRIATE CARE: analgesic management. primary care management. referral if indicated. advanced clinical protocols. FAMILY EDUCATION: Patient and family education on condition management. Comprehensive patient assessment completed. Ongoing monitoring and care coordination essential. Patient safety and quality care prioritized. Evidence-based treatment protocols followed.
ID_GDFDN,PEDIATRIC EVALUATION: Clinical assessment pending. AGE-APPROPRIATE CARE: primary care management. referral if indicated. supervised care with senior support. FAMILY EDUCATION: Patient and family education on condition management. Comprehensive patient assessment completed. Ongoing monitoring and care coordination essential. Patient safety and quality care prioritized. Evidence-based treatment protocols followed.
ID_UFAFI,PEDIATRIC EVALUATION: 23-year-old male. AGE-APPROPRIATE CARE: basic diagnostic assessment. referral for complex cases. supervised care with senior support. FAMILY EDUCATION: Patient and family education on condition management. Comprehensive patient assessment completed. Ongoing monitoring and care coordination essential. Patient safety and quality care prioritized. Evidence-based treatment protocols followed.
ID_KMBGG,EMERGENCY ASSESSMENT: 4-year-old male. presenting with temperature. Vitals: SpO2 96%. requiring urgent care. IMMEDIATE MANAGEMENT: comprehensive diagnostic workup. specialist consultation available. supervised care with senior support. MONITORING: vital signs monitoring. frequent assessment. advanced monitoring capabilities. Comprehensive patient assessment completed. Ongoing monitoring and care coordination essential. Patient safety and quality care prioritized. Evidence-based treatment protocols followed.
ID_GCHQJ,EMERGENCY ASSESSMENT: adult-year-old female. presenting with weakness. Vitals: SpO2 2%. requiring urgent care. IMMEDIATE MANAGEMENT: oxygen supplementation. basic diagnostic assessment. referral for complex cases. standard care protocols. MONITORING: vital signs monitoring. frequent assessment. clinical observation. Comprehensive patient assessment completed. Ongoing monitoring and care coordination essential. Patient safety and quality care prioritized. Evidence-based treatment protocols followed.
ID_FBVXH,PEDIATRIC EVALUATION: 8-year-old male. Vitals: SpO2 96%. AGE-APPROPRIATE CARE: comprehensive diagnostic workup. specialist consultation available. standard care protocols. FAMILY EDUCATION: Patient and family education on condition management. Comprehensive patient assessment completed. Ongoing monitoring and care coordination essential. Patient safety and quality care prioritized. Evidence-based treatment protocols followed.
ID_GFQXW,"PEDIATRIC EVALUATION: adult-year-old male. presenting with temperature, fever, swelling. Vitals: HR 110. AGE-APPROPRIATE CARE: antipyretic therapy. comprehensive diagnostic workup. specialist consultation available. advanced clinical protocols. FAMILY EDUCATION: Patient and family education on condition management. Comprehensive patient assessment completed. Ongoing monitoring and care coordination essential. Patient safety and quality care prioritized. Evidence-based treatment protocols followed."
ID_KQFSM,PEDIATRIC EVALUATION: 20-year-old patient. AGE-APPROPRIATE CARE: primary care management. referral if indicated. supervised care with senior support. FAMILY EDUCATION: Patient and family education on condition management. Comprehensive patient assessment completed. Ongoing monitoring and care coordination essential. Patient safety and quality care prioritized. Evidence-based treatment protocols followed.
ID_OTEWX,CLINICAL ASSESSMENT: 85-year-old patient. presenting with discomfort. MANAGEMENT PLAN: comprehensive diagnostic workup. specialist consultation available. advanced clinical protocols. FOLLOW-UP: Regular follow-up and reassessment recommended. Comprehensive patient assessment completed. Ongoing monitoring and care coordination essential. Patient safety and quality care prioritized. Evidence-based treatment protocols followed.
ID_KTTZQ,"CLINICAL EVALUATION: 30-year-old female. presenting with bleeding, bleeding. Vitals: SpO2 94%. TREATMENT APPROACH: basic diagnostic assessment. referral for complex cases. supervised care with senior support. PATIENT CARE: Comprehensive patient care approach. Comprehensive patient assessment completed. Ongoing monitoring and care coordination essential. Patient safety and quality care prioritized. Evidence-based treatment protocols followed."
ID_DFFBJ,"EMERGENCY ASSESSMENT: 12-year-old female. presenting with pain, fever, temperature. requiring urgent care. IMMEDIATE MANAGEMENT: analgesic management. antipyretic therapy. primary care management. referral if indicated. supervised care with senior support. MONITORING: frequent assessment. clinical observation. Comprehensive patient assessment completed. Ongoing monitoring and care coordination essential. Patient safety and quality care prioritized. Evidence-based treatment protocols followed."
ID_ZQLND,PEDIATRIC EVALUATION: presenting with temperature. AGE-APPROPRIATE CARE: basic diagnostic assessment. referral for complex cases. advanced clinical protocols. FAMILY EDUCATION: Patient and family education on condition management. Comprehensive patient assessment completed. Ongoing monitoring and care coordination essential. Patient safety and quality care prioritized. Evidence-based treatment protocols followed.
ID_LXBDD,"PEDIATRIC EVALUATION: 8-year-old male. presenting with pain, bleeding. Vitals: SpO2 97%. AGE-APPROPRIATE CARE: analgesic management. comprehensive diagnostic workup. specialist consultation available. standard care protocols. FAMILY EDUCATION: Patient and family education on condition management. Comprehensive patient assessment completed. Ongoing monitoring and care coordination essential. Patient safety and quality care prioritized. Evidence-based treatment protocols followed."
ID_PWETS,"CLINICAL EVALUATION: presenting with pain, bleeding. TREATMENT APPROACH: analgesic management. comprehensive diagnostic workup. specialist consultation available. advanced clinical protocols. PATIENT CARE: Comprehensive patient care approach. Comprehensive patient assessment completed. Ongoing monitoring and care coordination essential. Patient safety and quality care prioritized. Evidence-based treatment protocols followed."
ID_VJVBS,PEDIATRIC EVALUATION: 6-year-old male. presenting with vomiting. Vitals: SpO2 84%. AGE-APPROPRIATE CARE: oxygen supplementation. comprehensive diagnostic workup. specialist consultation available. supervised care with senior support. FAMILY EDUCATION: Patient and family education on condition management. Comprehensive patient assessment completed. Ongoing monitoring and care coordination essential. Patient safety and quality care prioritized. Evidence-based treatment protocols followed.
ID_OZCVT,"CLINICAL ASSESSMENT: 40-year-old patient. presenting with tenderness, swelling, edema. Vitals: temp 380°C. MANAGEMENT PLAN: comprehensive diagnostic workup. specialist consultation available. supervised care with senior support. FOLLOW-UP: Regular follow-up and reassessment recommended. Comprehensive patient assessment completed. Ongoing monitoring and care coordination essential. Patient safety and quality care prioritized. Evidence-based treatment protocols followed."
ID_HBKUL,CLINICAL EVALUATION: 32-year-old male. presenting with pain. Vitals: SpO2 88%. TREATMENT APPROACH: oxygen supplementation. analgesic management. primary care management. referral if indicated. supervised care with senior support. PATIENT CARE: Comprehensive patient care approach. Comprehensive patient assessment completed. Ongoing monitoring and care coordination essential. Patient safety and quality care prioritized. Evidence-based treatment protocols followed.
ID_ZVYUH,"CLINICAL ASSESSMENT: adult-year-old female. presenting with pain, pain, pain. MANAGEMENT PLAN: analgesic management. basic diagnostic assessment. referral for complex cases. advanced clinical protocols. FOLLOW-UP: Regular follow-up and reassessment recommended. Comprehensive patient assessment completed. Ongoing monitoring and care coordination essential. Patient safety and quality care prioritized. Evidence-based treatment protocols followed."
ID_SHIKK,EMERGENCY ASSESSMENT: 60-year-old patient. presenting with weakness. requiring urgent care. IMMEDIATE MANAGEMENT: basic diagnostic assessment. referral for complex cases. standard care protocols. MONITORING: frequent assessment. clinical observation. Comprehensive patient assessment completed. Ongoing monitoring and care coordination essential. Patient safety and quality care prioritized. Evidence-based treatment protocols followed.
ID_BZMKN,CLINICAL EVALUATION: 27-year-old male. TREATMENT APPROACH: comprehensive diagnostic workup. specialist consultation available. standard care protocols. PATIENT CARE: Comprehensive patient care approach. Comprehensive patient assessment completed. Ongoing monitoring and care coordination essential. Patient safety and quality care prioritized. Evidence-based treatment protocols followed.
ID_GWZRC,CLINICAL ASSESSMENT: 30-year-old patient. presenting with temperature. Vitals: SpO2 98%. MANAGEMENT PLAN: comprehensive diagnostic workup. specialist consultation available. supervised care with senior support. FOLLOW-UP: Regular follow-up and reassessment recommended. Comprehensive patient assessment completed. Ongoing monitoring and care coordination essential. Patient safety and quality care prioritized. Evidence-based treatment protocols followed.
ID_BMKRM,CLINICAL ASSESSMENT: 49-year-old male. presenting with swelling. Vitals: SpO2 96%. MANAGEMENT PLAN: primary care management. referral if indicated. advanced clinical protocols. FOLLOW-UP: Regular follow-up and reassessment recommended. Comprehensive patient assessment completed. Ongoing monitoring and care coordination essential. Patient safety and quality care prioritized. Evidence-based treatment protocols followed.
ID_QDMBJ,CLINICAL EVALUATION: 40-year-old female. TREATMENT APPROACH: primary care management. referral if indicated. supervised care with senior support. PATIENT CARE: Comprehensive patient care approach. Comprehensive patient assessment completed. Ongoing monitoring and care coordination essential. Patient safety and quality care prioritized. Evidence-based treatment protocols followed.
ID_LWSTJ,"CLINICAL ASSESSMENT: 50-year-old male. presenting with temperature, fatigue, fatigue. Vitals: HR 101, SpO2 80%. MANAGEMENT PLAN: oxygen supplementation. comprehensive diagnostic workup. specialist consultation available. advanced clinical protocols. FOLLOW-UP: Regular follow-up and reassessment recommended. Comprehensive patient assessment completed. Ongoing monitoring and care coordination essential. Patient safety and quality care prioritized. Evidence-based treatment protocols followed."
ID_APFPK,"PEDIATRIC EVALUATION: 6-year-old male. presenting with pain, vomiting. AGE-APPROPRIATE CARE: analgesic management. primary care management. referral if indicated. supervised care with senior support. FAMILY EDUCATION: Patient and family education on condition management. Comprehensive patient assessment completed. Ongoing monitoring and care coordination essential. Patient safety and quality care prioritized. Evidence-based treatment protocols followed."
ID_NTHZR,"EMERGENCY ASSESSMENT: 15-year-old male. presenting with temperature, altered mental. Vitals: HR 124, SpO2 84%. requiring immediate intervention. IMMEDIATE MANAGEMENT: oxygen supplementation. comprehensive diagnostic workup. specialist consultation available. advanced clinical protocols. MONITORING: vital signs monitoring. continuous observation. advanced monitoring capabilities. Comprehensive patient assessment completed. Ongoing monitoring and care coordination essential. Patient safety and quality care prioritized. Evidence-based treatment protocols followed."
ID_UAHZM,CLINICAL EVALUATION: 42-year-old patient. presenting with temperature. TREATMENT APPROACH: comprehensive diagnostic workup. specialist consultation available. advanced clinical protocols. PATIENT CARE: Comprehensive patient care approach. Comprehensive patient assessment completed. Ongoing monitoring and care coordination essential. Patient safety and quality care prioritized. Evidence-based treatment protocols followed.
ID_UHJDN,PEDIATRIC EVALUATION: Clinical assessment pending. AGE-APPROPRIATE CARE: basic diagnostic assessment. referral for complex cases. advanced clinical protocols. FAMILY EDUCATION: Patient and family education on condition management. Comprehensive patient assessment completed. Ongoing monitoring and care coordination essential. Patient safety and quality care prioritized. Evidence-based treatment protocols followed.
ID_FNAFQ,"EMERGENCY ASSESSMENT: presenting with vomiting, vomiting, bleeding. requiring immediate intervention. IMMEDIATE MANAGEMENT: basic diagnostic assessment. referral for complex cases. supervised care with senior support. MONITORING: continuous observation. clinical observation. Comprehensive patient assessment completed. Ongoing monitoring and care coordination essential. Patient safety and quality care prioritized. Evidence-based treatment protocols followed."
ID_WRMNW,CLINICAL EVALUATION: 22-year-old male. presenting with bleeding. Vitals: SpO2 2%. TREATMENT APPROACH: oxygen supplementation. comprehensive diagnostic workup. specialist consultation available. advanced clinical protocols. PATIENT CARE: Comprehensive patient care approach. Comprehensive patient assessment completed. Ongoing monitoring and care coordination essential. Patient safety and quality care prioritized. Evidence-based treatment protocols followed.
ID_OMWIY,CLINICAL EVALUATION: 37-year-old patient. TREATMENT APPROACH: comprehensive diagnostic workup. specialist consultation available. advanced clinical protocols. PATIENT CARE: Comprehensive patient care approach. Comprehensive patient assessment completed. Ongoing monitoring and care coordination essential. Patient safety and quality care prioritized. Evidence-based treatment protocols followed.
ID_ZNYCZ,CLINICAL ASSESSMENT: Clinical assessment pending. MANAGEMENT PLAN: basic diagnostic assessment. referral for complex cases. supervised care with senior support. FOLLOW-UP: Regular follow-up and reassessment recommended. Comprehensive patient assessment completed. Ongoing monitoring and care coordination essential. Patient safety and quality care prioritized. Evidence-based treatment protocols followed.
ID_NCNYB,EMERGENCY ASSESSMENT: 47-year-old male. presenting with pain. Vitals: SpO2 90%. requiring urgent care. IMMEDIATE MANAGEMENT: analgesic management. primary care management. referral if indicated. advanced clinical protocols. MONITORING: vital signs monitoring. frequent assessment. clinical observation. Comprehensive patient assessment completed. Ongoing monitoring and care coordination essential. Patient safety and quality care prioritized. Evidence-based treatment protocols followed.
ID_WKQEY,EMERGENCY ASSESSMENT: 48-year-old male. presenting with pain. requiring urgent care. IMMEDIATE MANAGEMENT: analgesic management. basic diagnostic assessment. referral for complex cases. standard care protocols. MONITORING: frequent assessment. clinical observation. Comprehensive patient assessment completed. Ongoing monitoring and care coordination essential. Patient safety and quality care prioritized. Evidence-based treatment protocols followed.
ID_VLNLB,PEDIATRIC EVALUATION: 12-year-old male. AGE-APPROPRIATE CARE: basic diagnostic assessment. referral for complex cases. supervised care with senior support. FAMILY EDUCATION: Patient and family education on condition management. Comprehensive patient assessment completed. Ongoing monitoring and care coordination essential. Patient safety and quality care prioritized. Evidence-based treatment protocols followed.
ID_DGSSB,PEDIATRIC EVALUATION: adult-year-old male. AGE-APPROPRIATE CARE: basic diagnostic assessment. referral for complex cases. supervised care with senior support. FAMILY EDUCATION: Patient and family education on condition management. Comprehensive patient assessment completed. Ongoing monitoring and care coordination essential. Patient safety and quality care prioritized. Evidence-based treatment protocols followed.
ID_JADVZ,"EMERGENCY ASSESSMENT: 65-year-old male. presenting with fever, temperature. Vitals: SpO2 92%. requiring urgent care. IMMEDIATE MANAGEMENT: antipyretic therapy. primary care management. referral if indicated. advanced clinical protocols. MONITORING: vital signs monitoring. frequent assessment. clinical observation. Comprehensive patient assessment completed. Ongoing monitoring and care coordination essential. Patient safety and quality care prioritized. Evidence-based treatment protocols followed."
ID_ILPTC,"EMERGENCY ASSESSMENT: 24-year-old female. presenting with pain, vomiting, weakness. requiring urgent care. IMMEDIATE MANAGEMENT: analgesic management. primary care management. referral if indicated. advanced clinical protocols. MONITORING: frequent assessment. clinical observation. Comprehensive patient assessment completed. Ongoing monitoring and care coordination essential. Patient safety and quality care prioritized. Evidence-based treatment protocols followed."
ID_BGRFD,CLINICAL ASSESSMENT: 60-year-old male. MANAGEMENT PLAN: basic diagnostic assessment. referral for complex cases. advanced clinical protocols. FOLLOW-UP: Regular follow-up and reassessment recommended. Comprehensive patient assessment completed. Ongoing monitoring and care coordination essential. Patient safety and quality care prioritized. Evidence-based treatment protocols followed.
ID_HDKYR,PEDIATRIC EVALUATION: 1-year-old male. AGE-APPROPRIATE CARE: basic diagnostic assessment. referral for complex cases. advanced clinical protocols. FAMILY EDUCATION: Patient and family education on condition management. Comprehensive patient assessment completed. Ongoing monitoring and care coordination essential. Patient safety and quality care prioritized. Evidence-based treatment protocols followed.
ID_QAHFT,PEDIATRIC EVALUATION: 30-year-old patient. AGE-APPROPRIATE CARE: primary care management. referral if indicated. standard care protocols. FAMILY EDUCATION: Patient and family education on condition management. Comprehensive patient assessment completed. Ongoing monitoring and care coordination essential. Patient safety and quality care prioritized. Evidence-based treatment protocols followed.
ID_PESEJ,EMERGENCY ASSESSMENT: 80-year-old male. Vitals: SpO2 2%. requiring urgent care. IMMEDIATE MANAGEMENT: oxygen supplementation. basic diagnostic assessment. referral for complex cases. standard care protocols. MONITORING: vital signs monitoring. frequent assessment. clinical observation. Comprehensive patient assessment completed. Ongoing monitoring and care coordination essential. Patient safety and quality care prioritized. Evidence-based treatment protocols followed.
ID_OFDGY,PEDIATRIC EVALUATION: 5-year-old male. presenting with temperature. Vitals: SpO2 96%. AGE-APPROPRIATE CARE: primary care management. referral if indicated. advanced clinical protocols. FAMILY EDUCATION: Patient and family education on condition management. Comprehensive patient assessment completed. Ongoing monitoring and care coordination essential. Patient safety and quality care prioritized. Evidence-based treatment protocols followed.
ID_WGNEX,"CLINICAL EVALUATION: adult-year-old male. presenting with pain, bleeding. TREATMENT APPROACH: analgesic management. basic diagnostic assessment. referral for complex cases. standard care protocols. PATIENT CARE: Comprehensive patient care approach. Comprehensive patient assessment completed. Ongoing monitoring and care coordination essential. Patient safety and quality care prioritized. Evidence-based treatment protocols followed."
ID_SIPNK,CLINICAL ASSESSMENT: presenting with weakness. MANAGEMENT PLAN: primary care management. referral if indicated. supervised care with senior support. FOLLOW-UP: Regular follow-up and reassessment recommended. Comprehensive patient assessment completed. Ongoing monitoring and care coordination essential. Patient safety and quality care prioritized. Evidence-based treatment protocols followed.
ID_MXHUP,"CLINICAL ASSESSMENT: 32-year-old female. presenting with discomfort, temperature, nausea. MANAGEMENT PLAN: primary care management. referral if indicated. advanced clinical protocols. FOLLOW-UP: Regular follow-up and reassessment recommended. Comprehensive patient assessment completed. Ongoing monitoring and care coordination essential. Patient safety and quality care prioritized. Evidence-based treatment protocols followed."
ID_KBQBD,PEDIATRIC EVALUATION: 38-year-old female. presenting with temperature. AGE-APPROPRIATE CARE: basic diagnostic assessment. referral for complex cases. advanced clinical protocols. FAMILY EDUCATION: Patient and family education on condition management. Comprehensive patient assessment completed. Ongoing monitoring and care coordination essential. Patient safety and quality care prioritized. Evidence-based treatment protocols followed.
ID_AYZDZ,CLINICAL EVALUATION: 44-year-old patient. presenting with temperature. TREATMENT APPROACH: comprehensive diagnostic workup. specialist consultation available. advanced clinical protocols. PATIENT CARE: Comprehensive patient care approach. Comprehensive patient assessment completed. Ongoing monitoring and care coordination essential. Patient safety and quality care prioritized. Evidence-based treatment protocols followed.
ID_GAWOX,"PEDIATRIC EVALUATION: 1-year-old female. presenting with vomiting, confusion. Vitals: SpO2 93%. AGE-APPROPRIATE CARE: comprehensive diagnostic workup. specialist consultation available. standard care protocols. FAMILY EDUCATION: Patient and family education on condition management. Comprehensive patient assessment completed. Ongoing monitoring and care coordination essential. Patient safety and quality care prioritized. Evidence-based treatment protocols followed."
ID_DCOHP,CLINICAL EVALUATION: adult-year-old female. TREATMENT APPROACH: basic diagnostic assessment. referral for complex cases. supervised care with senior support. PATIENT CARE: Comprehensive patient care approach. Comprehensive patient assessment completed. Ongoing monitoring and care coordination essential. Patient safety and quality care prioritized. Evidence-based treatment protocols followed.
ID_RWISH,CLINICAL EVALUATION: Clinical assessment pending. TREATMENT APPROACH: basic diagnostic assessment. referral for complex cases. supervised care with senior support. PATIENT CARE: Comprehensive patient care approach. Comprehensive patient assessment completed. Ongoing monitoring and care coordination essential. Patient safety and quality care prioritized. Evidence-based treatment protocols followed.
ID_CQUKB,CLINICAL EVALUATION: 44-year-old male. presenting with pain. TREATMENT APPROACH: analgesic management. basic diagnostic assessment. referral for complex cases. standard care protocols. PATIENT CARE: Comprehensive patient care approach. Comprehensive patient assessment completed. Ongoing monitoring and care coordination essential. Patient safety and quality care prioritized. Evidence-based treatment protocols followed.
ID_FFWID,"CLINICAL ASSESSMENT: 19-year-old female. presenting with pain, discomfort, pain. Vitals: temp 37°C, HR 76, SpO2 92%. MANAGEMENT PLAN: analgesic management. primary care management. referral if indicated. advanced clinical protocols. FOLLOW-UP: Regular follow-up and reassessment recommended. Comprehensive patient assessment completed. Ongoing monitoring and care coordination essential. Patient safety and quality care prioritized. Evidence-based treatment protocols followed."
ID_XQHOA,PEDIATRIC EVALUATION: Clinical assessment pending. AGE-APPROPRIATE CARE: basic diagnostic assessment. referral for complex cases. supervised care with senior support. FAMILY EDUCATION: Patient and family education on condition management. Comprehensive patient assessment completed. Ongoing monitoring and care coordination essential. Patient safety and quality care prioritized. Evidence-based treatment protocols followed.
ID_PJSQE,"EMERGENCY ASSESSMENT: 55-year-old female. presenting with pain, temperature. requiring urgent care. IMMEDIATE MANAGEMENT: analgesic management. primary care management. referral if indicated. supervised care with senior support. MONITORING: frequent assessment. clinical observation. Comprehensive patient assessment completed. Ongoing monitoring and care coordination essential. Patient safety and quality care prioritized. Evidence-based treatment protocols followed."
ID_EFYMF,CLINICAL EVALUATION: adult-year-old male. Vitals: SpO2 90%. TREATMENT APPROACH: comprehensive diagnostic workup. specialist consultation available. advanced clinical protocols. PATIENT CARE: Comprehensive patient care approach. Comprehensive patient assessment completed. Ongoing monitoring and care coordination essential. Patient safety and quality care prioritized. Evidence-based treatment protocols followed.
ID_QMQHY,CLINICAL EVALUATION: 24-year-old female. presenting with swelling. Vitals: SpO2 90%. TREATMENT APPROACH: comprehensive diagnostic workup. specialist consultation available. standard care protocols. PATIENT CARE: Comprehensive patient care approach. Comprehensive patient assessment completed. Ongoing monitoring and care coordination essential. Patient safety and quality care prioritized. Evidence-based treatment protocols followed.
ID_QSQZO,PEDIATRIC EVALUATION: Vitals: SpO2 72%. AGE-APPROPRIATE CARE: oxygen supplementation. basic diagnostic assessment. referral for complex cases. supervised care with senior support. FAMILY EDUCATION: Patient and family education on condition management. Comprehensive patient assessment completed. Ongoing monitoring and care coordination essential. Patient safety and quality care prioritized. Evidence-based treatment protocols followed.
ID_HLPRM,PEDIATRIC EVALUATION: Clinical assessment pending. AGE-APPROPRIATE CARE: basic diagnostic assessment. referral for complex cases. supervised care with senior support. FAMILY EDUCATION: Patient and family education on condition management. Comprehensive patient assessment completed. Ongoing monitoring and care coordination essential. Patient safety and quality care prioritized. Evidence-based treatment protocols followed.
ID_WOBZV,PEDIATRIC EVALUATION: 26-year-old patient. AGE-APPROPRIATE CARE: primary care management. referral if indicated. supervised care with senior support. FAMILY EDUCATION: Patient and family education on condition management. Comprehensive patient assessment completed. Ongoing monitoring and care coordination essential. Patient safety and quality care prioritized. Evidence-based treatment protocols followed.
ID_QPFCH,CLINICAL EVALUATION: 23-year-old male. presenting with temperature. Vitals: SpO2 98%. TREATMENT APPROACH: comprehensive diagnostic workup. specialist consultation available. supervised care with senior support. PATIENT CARE: Comprehensive patient care approach. Comprehensive patient assessment completed. Ongoing monitoring and care coordination essential. Patient safety and quality care prioritized. Evidence-based treatment protocols followed.
ID_CEPRG,PEDIATRIC EVALUATION: Clinical assessment pending. AGE-APPROPRIATE CARE: primary care management. referral if indicated. supervised care with senior support. FAMILY EDUCATION: Patient and family education on condition management. Comprehensive patient assessment completed. Ongoing monitoring and care coordination essential. Patient safety and quality care prioritized. Evidence-based treatment protocols followed.
ID_SKCAI,CLINICAL ASSESSMENT: 60-year-old male. presenting with temperature. MANAGEMENT PLAN: primary care management. referral if indicated. advanced clinical protocols. FOLLOW-UP: Regular follow-up and reassessment recommended. Comprehensive patient assessment completed. Ongoing monitoring and care coordination essential. Patient safety and quality care prioritized. Evidence-based treatment protocols followed.
ID_JENNS,"CLINICAL ASSESSMENT: 25-year-old male. presenting with pain, pain, pain. MANAGEMENT PLAN: analgesic management. comprehensive diagnostic workup. specialist consultation available. supervised care with senior support. FOLLOW-UP: Regular follow-up and reassessment recommended. Comprehensive patient assessment completed. Ongoing monitoring and care coordination essential. Patient safety and quality care prioritized. Evidence-based treatment protocols followed."
ID_QSPEG,"PEDIATRIC EVALUATION: adult-year-old female. presenting with temperature. Vitals: HR 98, SpO2 97%. AGE-APPROPRIATE CARE: basic diagnostic assessment. referral for complex cases. advanced clinical protocols. FAMILY EDUCATION: Patient and family education on condition management. Comprehensive patient assessment completed. Ongoing monitoring and care coordination essential. Patient safety and quality care prioritized. Evidence-based treatment protocols followed."
ID_ZTHIV,"CLINICAL ASSESSMENT: 27-year-old male. presenting with pain, temperature, temperature. Vitals: SpO2 95%. MANAGEMENT PLAN: analgesic management. primary care management. referral if indicated. advanced clinical protocols. FOLLOW-UP: Regular follow-up and reassessment recommended. Comprehensive patient assessment completed. Ongoing monitoring and care coordination essential. Patient safety and quality care prioritized. Evidence-based treatment protocols followed."
ID_HVSDS,PEDIATRIC EVALUATION: 2-year-old patient. AGE-APPROPRIATE CARE: primary care management. referral if indicated. supervised care with senior support. FAMILY EDUCATION: Patient and family education on condition management. Comprehensive patient assessment completed. Ongoing monitoring and care coordination essential. Patient safety and quality care prioritized. Evidence-based treatment protocols followed.
ID_BFBYN,PEDIATRIC EVALUATION: 7-year-old male. Vitals: SpO2 89%. AGE-APPROPRIATE CARE: oxygen supplementation. basic diagnostic assessment. referral for complex cases. supervised care with senior support. FAMILY EDUCATION: Patient and family education on condition management. Comprehensive patient assessment completed. Ongoing monitoring and care coordination essential. Patient safety and quality care prioritized. Evidence-based treatment protocols followed.
ID_EISIY,CLINICAL EVALUATION: 18-year-old female. TREATMENT APPROACH: comprehensive diagnostic workup. specialist consultation available. standard care protocols. PATIENT CARE: Comprehensive patient care approach. Comprehensive patient assessment completed. Ongoing monitoring and care coordination essential. Patient safety and quality care prioritized. Evidence-based treatment protocols followed.
ID_GCTMK,CLINICAL ASSESSMENT: 39-year-old male. presenting with pain. Vitals: SpO2 98%. MANAGEMENT PLAN: analgesic management. primary care management. referral if indicated. advanced clinical protocols. FOLLOW-UP: Regular follow-up and reassessment recommended. Comprehensive patient assessment completed. Ongoing monitoring and care coordination essential. Patient safety and quality care prioritized. Evidence-based treatment protocols followed.
ID_NIVMV,PEDIATRIC EVALUATION: 35-year-old patient. Vitals: SpO2 70%. AGE-APPROPRIATE CARE: oxygen supplementation. comprehensive diagnostic workup. specialist consultation available. supervised care with senior support. FAMILY EDUCATION: Patient and family education on condition management. Comprehensive patient assessment completed. Ongoing monitoring and care coordination essential. Patient safety and quality care prioritized. Evidence-based treatment protocols followed.
ID_WZHQK,CLINICAL EVALUATION: 23-year-old patient. TREATMENT APPROACH: basic diagnostic assessment. referral for complex cases. supervised care with senior support. PATIENT CARE: Comprehensive patient care approach. Comprehensive patient assessment completed. Ongoing monitoring and care coordination essential. Patient safety and quality care prioritized. Evidence-based treatment protocols followed.
ID_ZHSMO,PEDIATRIC EVALUATION: 4-year-old patient. presenting with fever. Vitals: SpO2 94%. AGE-APPROPRIATE CARE: antipyretic therapy. basic diagnostic assessment. referral for complex cases. supervised care with senior support. FAMILY EDUCATION: Patient and family education on condition management. Comprehensive patient assessment completed. Ongoing monitoring and care coordination essential. Patient safety and quality care prioritized. Evidence-based treatment protocols followed.
ID_RKTZL,"PEDIATRIC EVALUATION: adult-year-old male. presenting with temperature, fever. AGE-APPROPRIATE CARE: antipyretic therapy. basic diagnostic assessment. referral for complex cases. supervised care with senior support. FAMILY EDUCATION: Patient and family education on condition management. Comprehensive patient assessment completed. Ongoing monitoring and care coordination essential. Patient safety and quality care prioritized. Evidence-based treatment protocols followed."
ID_PGEOO,CLINICAL EVALUATION: adult-year-old male. TREATMENT APPROACH: basic diagnostic assessment. referral for complex cases. supervised care with senior support. PATIENT CARE: Comprehensive patient care approach. Comprehensive patient assessment completed. Ongoing monitoring and care coordination essential. Patient safety and quality care prioritized. Evidence-based treatment protocols followed.
ID_VTRFF,EMERGENCY ASSESSMENT: 25-year-old male. presenting with tenderness. requiring urgent care. IMMEDIATE MANAGEMENT: basic diagnostic assessment. referral for complex cases. standard care protocols. MONITORING: frequent assessment. clinical observation. Comprehensive patient assessment completed. Ongoing monitoring and care coordination essential. Patient safety and quality care prioritized. Evidence-based treatment protocols followed.
ID_CWEIL,"PEDIATRIC EVALUATION: presenting with temperature. Vitals: HR 120, SpO2 98%. AGE-APPROPRIATE CARE: basic diagnostic assessment. referral for complex cases. standard care protocols. FAMILY EDUCATION: Patient and family education on condition management. Comprehensive patient assessment completed. Ongoing monitoring and care coordination essential. Patient safety and quality care prioritized. Evidence-based treatment protocols followed."
ID_WLSXB,CLINICAL EVALUATION: adult-year-old female. TREATMENT APPROACH: basic diagnostic assessment. referral for complex cases. supervised care with senior support. PATIENT CARE: Comprehensive patient care approach. Comprehensive patient assessment completed. Ongoing monitoring and care coordination essential. Patient safety and quality care prioritized. Evidence-based treatment protocols followed.
ID_VOVAB,"EMERGENCY ASSESSMENT: adult-year-old male. presenting with swelling, weakness. Vitals: SpO2 85%. requiring urgent care. IMMEDIATE MANAGEMENT: oxygen supplementation. comprehensive diagnostic workup. specialist consultation available. standard care protocols. MONITORING: vital signs monitoring. frequent assessment. advanced monitoring capabilities. Comprehensive patient assessment completed. Ongoing monitoring and care coordination essential. Patient safety and quality care prioritized. Evidence-based treatment protocols followed."
ID_XTMGG,PEDIATRIC EVALUATION: Clinical assessment pending. AGE-APPROPRIATE CARE: primary care management. referral if indicated. supervised care with senior support. FAMILY EDUCATION: Patient and family education on condition management. Comprehensive patient assessment completed. Ongoing monitoring and care coordination essential. Patient safety and quality care prioritized. Evidence-based treatment protocols followed.
ID_ZHZRH,"PEDIATRIC EVALUATION: 10-year-old male. presenting with fever, fever, fatigue. AGE-APPROPRIATE CARE: antipyretic therapy. primary care management. referral if indicated. advanced clinical protocols. FAMILY EDUCATION: Patient and family education on condition management. Comprehensive patient assessment completed. Ongoing monitoring and care coordination essential. Patient safety and quality care prioritized. Evidence-based treatment protocols followed."
ID_MVXJK,"EMERGENCY ASSESSMENT: 56-year-old male. presenting with temperature, weakness, headache. Vitals: SpO2 97%. requiring urgent care. IMMEDIATE MANAGEMENT: primary care management. referral if indicated. advanced clinical protocols. MONITORING: vital signs monitoring. frequent assessment. clinical observation. Comprehensive patient assessment completed. Ongoing monitoring and care coordination essential. Patient safety and quality care prioritized. Evidence-based treatment protocols followed."
ID_OPCIZ,PEDIATRIC EVALUATION: 5-year-old male. presenting with tenderness. Vitals: SpO2 93%. AGE-APPROPRIATE CARE: comprehensive diagnostic workup. specialist consultation available. standard care protocols. FAMILY EDUCATION: Patient and family education on condition management. Comprehensive patient assessment completed. Ongoing monitoring and care coordination essential. Patient safety and quality care prioritized. Evidence-based treatment protocols followed.
ID_LACGV,CLINICAL EVALUATION: 55-year-old female. Vitals: SpO2 97%. TREATMENT APPROACH: primary care management. referral if indicated. supervised care with senior support. PATIENT CARE: Comprehensive patient care approach. Comprehensive patient assessment completed. Ongoing monitoring and care coordination essential. Patient safety and quality care prioritized. Evidence-based treatment protocols followed.
ID_SCOBO,"CLINICAL ASSESSMENT: 30-year-old female. presenting with pain, tenderness. MANAGEMENT PLAN: analgesic management. basic diagnostic assessment. referral for complex cases. supervised care with senior support. FOLLOW-UP: Regular follow-up and reassessment recommended. Comprehensive patient assessment completed. Ongoing monitoring and care coordination essential. Patient safety and quality care prioritized. Evidence-based treatment protocols followed."
ID_WQREZ,EMERGENCY ASSESSMENT: 8-year-old female. Vitals: SpO2 75%. requiring immediate intervention. IMMEDIATE MANAGEMENT: oxygen supplementation. comprehensive diagnostic workup. specialist consultation available. advanced clinical protocols. MONITORING: vital signs monitoring. continuous observation. advanced monitoring capabilities. Comprehensive patient assessment completed. Ongoing monitoring and care coordination essential. Patient safety and quality care prioritized. Evidence-based treatment protocols followed.
ID_KYWMF,"CLINICAL ASSESSMENT: 35-year-old male. presenting with bleeding, swelling. Vitals: SpO2 93%. MANAGEMENT PLAN: basic diagnostic assessment. referral for complex cases. supervised care with senior support. FOLLOW-UP: Regular follow-up and reassessment recommended. Comprehensive patient assessment completed. Ongoing monitoring and care coordination essential. Patient safety and quality care prioritized. Evidence-based treatment protocols followed."
ID_MURHB,EMERGENCY ASSESSMENT: 17-year-old female. Vitals: SpO2 94%. requiring immediate intervention. IMMEDIATE MANAGEMENT: comprehensive diagnostic workup. specialist consultation available. advanced clinical protocols. MONITORING: vital signs monitoring. continuous observation. advanced monitoring capabilities. Comprehensive patient assessment completed. Ongoing monitoring and care coordination essential. Patient safety and quality care prioritized. Evidence-based treatment protocols followed.
ID_MLUOW,EMERGENCY ASSESSMENT: 5-year-old patient. Vitals: SpO2 90%. requiring urgent care. IMMEDIATE MANAGEMENT: comprehensive diagnostic workup. specialist consultation available. advanced clinical protocols. MONITORING: vital signs monitoring. frequent assessment. advanced monitoring capabilities. Comprehensive patient assessment completed. Ongoing monitoring and care coordination essential. Patient safety and quality care prioritized. Evidence-based treatment protocols followed.
ID_AYCAI,"CLINICAL EVALUATION: presenting with temperature, swelling. TREATMENT APPROACH: primary care management. referral if indicated. advanced clinical protocols. PATIENT CARE: Comprehensive patient care approach. Comprehensive patient assessment completed. Ongoing monitoring and care coordination essential. Patient safety and quality care prioritized. Evidence-based treatment protocols followed."
ID_CLEYN,"EMERGENCY ASSESSMENT: 49-year-old patient. presenting with headache, confusion. requiring urgent care. IMMEDIATE MANAGEMENT: basic diagnostic assessment. referral for complex cases. supervised care with senior support. MONITORING: frequent assessment. clinical observation. Comprehensive patient assessment completed. Ongoing monitoring and care coordination essential. Patient safety and quality care prioritized. Evidence-based treatment protocols followed."
ID_BRIIW,CLINICAL ASSESSMENT: 35-year-old male. MANAGEMENT PLAN: basic diagnostic assessment. referral for complex cases. standard care protocols. FOLLOW-UP: Regular follow-up and reassessment recommended. Comprehensive patient assessment completed. Ongoing monitoring and care coordination essential. Patient safety and quality care prioritized. Evidence-based treatment protocols followed.
ID_SNZBL,"EMERGENCY ASSESSMENT: 48-year-old patient. presenting with temperature, swelling, dizziness. Vitals: SpO2 91%. requiring urgent care. IMMEDIATE MANAGEMENT: comprehensive diagnostic workup. specialist consultation available. advanced clinical protocols. MONITORING: vital signs monitoring. frequent assessment. advanced monitoring capabilities. Comprehensive patient assessment completed. Ongoing monitoring and care coordination essential. Patient safety and quality care prioritized. Evidence-based treatment protocols followed."
ID_KXLGG,CLINICAL ASSESSMENT: 58-year-old patient. presenting with fever. MANAGEMENT PLAN: antipyretic therapy. basic diagnostic assessment. referral for complex cases. standard care protocols. FOLLOW-UP: Regular follow-up and reassessment recommended. Comprehensive patient assessment completed. Ongoing monitoring and care coordination essential. Patient safety and quality care prioritized. Evidence-based treatment protocols followed.
